line,label
John Romita Jr. Returns To Marvel Comics,1
Spidey meeting Deadpool‚Äôs daughter (Spider-Man/Deadpool (2016) #3),0
‚ÄúNo sister of mine may become involved with a robot! I am the head of our family ‚Äî and I forbid you to love that thing!‚Äù,1
57 Years of Black Widow Oufits,0
My brother's (m11) drawing of carnage,0
Spider-Man VR box art concept,0
"Found a page where two Visions talk about The Ship Of Theseus, like in WandaVision. (Avengers (2016) #6)",1
Can Geomancers (someone with control over earth/rock) control the Thing?,0
Marvel Billboard featuring hero with special needs?,1
"I made Jack O Lantern in 3D, couldnt add fire but still turned out ok. Hope you like it!",1
I made Minecraft Elytras into the Falcon's wings.,0
I don't see the need to make a choice.,0
"I want to get into the Avengers vs X-men run, does anyone know what I should read before?",0
How old is Henry Pym when Avengers started?,0
"Let‚Äôs face it, there‚Äôs only one. Will only ever be one. Steve. Mutha fuc*in‚Äô. Rogers.",0
I drew Daredevil on a cross,0
They deserved more moments like these (X-23 (2010) #10),1
Why Disney haven't continue any of this proyects at Disney+?,0
My Spider-Man Soundtrack Project,0
Where should I start reading the Marvel comics?,1
Do Pym Particles push matter through the fourth dimension to change their size?,0
Am I the only one who feels melancholic about the future of the MCU?,0
"MICROVERSE after MICROVERSE after MICROVERSE, but they never mention the main reality THANOS sends em to!",0
Hot Toys Iron Man Mark 85,0
"Drawing from my young neighboor, she's got some skills... thought's!!!",0
Civil War ?,-1
Who is your favourite marvel duo? (Comic or Movies/Shows),1
Good thing Cap has keen ears for a 1500lb giant hulking monster banging around in his immediate vicinity,1
"This Week in Comics #12 - MAR 24 2021 - GUARDIANS OF THE GALAXY #12, EXCALIBUR #19, VENOM #34, CABLE #9, BLACK PANTHER #24, KING IN BLACK: SCREAM #1, CARNAGE: BLACK, WHITE & BLOOD #1",-1
Who else liked the 2004 punisher?,0
"3D printed my own PS4 Peter Parker Spider-Man bust, just got some sanding, another coat of primer and then painting to do now",0
Wolverine X Domino in X-Force: Sex and Violence #1 (2010),-1
I drew the Hulk,0
A daily Avengers panel in chronological order. This one from Avengers #4 (1964),0
Hope you like the poster!,1
Kieron Gillen talks about the 100 Eternals.,0
Stan Lee,0
Marvel Tsunami and Next,1
"My first painting of Captain America, hope you like it",1
Marvel's Avengers - Official Black Panther Reveal Trailer | Square Enix Presents 2021,0
[OC] [Fanart] Kitty Pryde Red Queen - Xmen - Art by Me,0
Cap vs commies (Captain America vol. 1 #76),0
"Tony Stark meets Thanos (Iron Man #55, 1973)",0
Kingpins accident,-1
Anyone remember that comic where Alan Moore wrote Zombie Hitler praising Magneto ? (Heroes for Hope Starring the X-Men),1
Does Roger Cormans FF exist on a licensed disc?,1
Finished Venom by me...finally.,0
Now where have I heard that word before? New Avengers #34 (2005),0
Just thinking,0
"I started a podcast to try and read the Complete Marvel Reading Order, week by week... how far will I make it before I tap out?",1
Laura meeting Logan for the first time (X-23: Target X (2006) #6),0
Wolverine by JeeHyung lee,0
What is the Greatest Battle in the Marvel Universe?,1
Tom Holland Confirms 'SPIDER-MAN: NO WAY HOME' Production Wraps Today,-1
"The Thing, me, inking practice. Big props to the artist who have to do monthly books with Ben. It's exhausting!",-1
Okay but hear me out - watching Iron Man 1 rn and realizing that Rhodey (aka war machine) (obviously don cheadle is the better war machine but besides the point) rhodey has never once given a single piece of advice that panned out well. Fight me on this,-1
A daily Avengers panel in chronological order. This one from Avengers #1 (1963),0
Thor really pisses me off,-1
Women of Marvel (2021) #1 JeeHyung Lee exclusive variant,1
"Marvel x adidas Stan Smith ""Hulk Smash"" Shoes",1
What think Reddit about my Wolverine draw?,0
My take on the Marvel universe! (Part 1/??); Wakanda and it's neighbors! Feel free to ask questions!,1
Marvel version of Justice League Dark,1
Spidey's back with a brand new invention (Venom: Space Knight #11),0
"i, too, shall be saved by love. (by me!)",1
Hello!,0
loose pitch for a spider-woman movie,-1
Who is generally considered Thor‚Äôs biggest love interest outside from Jane Foster?,1
Does anyone know where I can get the iron man button?? It's the last one of the set and I cant find it anywhere.,0
I like to photoshop old paintings. Here‚Äôs Wolverine,1
"Loki digital fanart! Referenced from Thor The Dark World, this was a really fun art study ^-^",1
The Scarlet Witch - by me!,-1
Essentials Reading Order?,0
So I just read Ultimate Spider-Man and I think I messed up...,-1
I totally forgot to post this! I know I‚Äôm a bit late üòÇ,0
My Lego Ironman collection in a nice cat proof home!,1
Spider-Man: How Peter Parker Became Best Friends With His Superior Foe Boomerang,1
A little scratchy ironman vs panther sketch,0
Why did hydra wanna kill 20 million people in the winter soldier,-1
How does Captain Marvel‚Äôs Photon-Blast NOT kill Humans or Aliens?,1
What happened to the Black Priests,0
Am I missing something?,-1
Just how in control was Bucky during his time as the Winter Soldier?,0
MCU Madness Bracket,-1
In issue 15 of Donny Cates's Thanos Future version of Thanos keeps Hulk as a pet he looks like Maestro but he's not him,0
Who defeated/killed Thanos in the comics and how was he defeated?,-1
What order to watch?,0
Daredevil:Back in Black Vol. 5 Supreme,1
How many copies of Ultimate Fallout #4 exist? Comichron takes a deep dive into a complicated circulation question,0
Short-ish contained stories,0
I used the many faces of Agatha Harkness as expression studies! I really wanted to capture her smugness <3,1
Tony device,0
Rogue fanart by me,0
What daredevil graphic novel should I get?,1
Sam and Bucky Fan art!!,1
He is inevitable,0
Justice League vs Avengers (Who Wins?),1
Nick Fury An Avenger?,-1
"My wife, friends, and I did an MCU Hero Draft. Who had the best team?",1
"Trying to figure out who a few of the marvel characters are on my sons tshirt, any help would be awesome. I numbered them for reference. Specifically, can‚Äôt figure out number 25, 26, and 27 (mockingbird?), 35, 36, and 41. Sorry for the numbering being crazy.",1
I love this image. Neena Thurman plays no games!,1
[self] got my new cap helmet,0
Marvel announces first gay Captain America,1
rewatched days of future past and noticed this for the first time,0
The Reality of Marvel,1
Rick Remender appreciation post!,1
Sketch cover of symbiote Wade from my book Ain‚Äôt No Grave - launching today!,-1
One art please! Definitely one of my favorite pieces I own.,1
"Deadpool ""hero"" crossovers",0
Ok in doctor strange in The Multiverse of madness will we see many worlds like in loki or alternative universes like The dark dimension or Quantum realm like we say alternate universe doppelgangers not alternate timeline ones like loki or endgame?,1
I like to photoshop old paintings. Here‚Äôs Colonel James Rhodes,1
Marvel Knights #3 (2000) Can someone help me figure out where Ulik uses the Horn of Auohumla after this issue?,1
A list of Marvel characters ranked by importance from the 70's,1
[Self] First photo of Wanda back from a studio set with Jeff Zoet - by SRona58,0
Does anyone else hate being asked to choose between Marvel and DC?,-1
John Romita Jr. Returns to Marvel,1
A quick Daredevil sketch by me,0
(Artwork) Xmen art by me interessa A3 size,0
Magneto Fans how comic accurate was Michael‚Äôs portrayal of the character? 1-10? What did you like and dislike?,0
Rewatching endgame and shouldn‚Äôt Nebula be dead?,-1
Anyone willing to fill out a quick questionnaire for a uni dissertation about Society and Comics?,0
Spidey gets an autograph from his favorite hero (Amazing Spider-Man #17),1
[Artwork] Savage Land Rogue by Jim Lee color by spidey0318,-1
A daily Avengers panel in chronological order. This one from Avengers #3 (1963),0
Where should i start with emma frost,0
I need YOUR opinion.,0
How do I read these?,0
"Hulkling trying to wind down after a long day with his Nintendo Switch, comics, and some pizza.",0
"Every time I read anything from my punisher collection I pickup on something new, but this scan gets better every dang time I read it.",1
The gang,0
"This Week in Comics #13 - MAR 31 2021 - X-MEN #19, BETA RAY BILL #1, SILK #1, BLACK CAT #4, KING IN BLACK: GHOST RIDER #1, U.S. AGENT #4, CAPTAIN AMERICA #28",-1
A super fun quiz! DC Or Marvel Quiz: Who Said It - Darkseid Or Thanos? Share your scores!,1
Thanos is such a bitch.,-1
Had fun building the hell charger,-1
Simon Spurrier talks teasing ‚ÄòWay of X‚Äô and its place as a core X-Men book,0
Trying to see the future in these cards...,0
Criminals are a cowardly and superstitious lot. (Amazing Spider-Man #62),-1
A Winter Soldier wallpaper that i‚Äôve made,0
"Wandavision artwork by me, ig :@sumit_m__",0
I miss the Spider marriage,0
How does Magneto control Wolverine in The Wolverine end credits?,1
March 29th is Vietnam War Veterans Day. Remember the men & women who served with this gallery of Marvel covers.,-1
A Throwback Comic Book Cover of Galactus and the Silver Surfer I Made,0
Logan trying to help Laura (X-23 (2010) #12),1
Your favourite female character?,0
Kinda went hulk crazy.,-1
House of X/Powers of X - are they paying Frank Herbert royalties?,0
"March 26th is Leonard Nimoy's birthday, which means it's Live Long and Prosper Day! Celebrate the Vulcan blessing with this gallery of Marvel covers!",1
Why Avenger doesn't help themselves in their films?,-1
Almost every aspect of Quicksilver‚Äôs ability to withstand his speed has been explained. But...,1
Problem Redeeming Digital Edition of Comics,-1
Ryan Reynolds crossed with a shar-pei,0
Can Jean gray lift Thor‚Äôs Hammer?,0
I drew the green goblin during class and I thought it came out kinda cool,1
Carnage cosplay by By.Yulli,0
I don't understand how or why IDW is publishing comics with Marvel characters...,1
Explain Pymtron to me,0
"Did I buy a comic from Walmart, yes.",1
Last year I got a tattoo of Dr. Doom. Today I got this...Mr. Ben Grimm aka The Thing! I hope y‚Äôall love it as much as I do! Got nothing to promote besides my stream at Twitch.tv/MFNimbus!,1
So what happened to Iddun's apples?,0
THANOS MOVIE,0
"Neon Venom wall light, hope you guys like itüòõ",1
March 27th is Joe Day! Celebrate all the Joes in your life with this gallery of covers by famous Marvel Joes!,1
"Someone did request another one of these, I swear!",0
How would y‚Äôall feel if the 6 ever joined the mcu?,0
What are nervous quirks or ticks of Tony Stark? (Needed for a fanfiction that I'm writing.),-1
new to comics. where to start?,0
New to comics,0
X-men Evolution Scarlet Witch Cosplay,-1
Do I have to read Maestro Symphony is a gamma key before war and pax?,-1
does anyone know somewhere i could start reading the comics for free?,1
The Marvel superhero family tree (by @bobbimorses),1
Sentinel vs X-Men statue I just received (banana for scale),0
[Artwork] X-Men by Vennicerunnos,0
are we all gonna ignore the infinity gauntlet in the background of thor or is that something im missing,-1
My drawing of Iron Man,0
Essential comics to catch up with Captain America: Winter in America?,0
I like to photoshop old paintings. Here‚Äôs Cyclops,1
"‚ÄòVENOM: LET THERE BE CARNAGE‚Äô has been delayed to September 17, 2021.",-1
In issue 520 of Amazing Spider-Man Wolverine vs Spidey's Aunt,1
"Marvel‚Äôs M.O.D.O.K.: Nathan Fillion Will Voice Wonder Man, Jon Hamm Cast as Iron Man in Hulu Animated Series | TVLine",0
[self] Captain America meets Poison Ivy,-1
"Just painted Stan lee, what do you guys think:)",0
Does anyone know where to find good Hawkeye art?,1
'Spider-Man: No Way Home' movie poster made by a fan.,0
Captain America commission I finished up today. Thought I‚Äôd share it here.,1
Fallen Galactus project I‚Äôve been working on for the btter part of a year. The idea came from the Thanos Wins storyline by Cates and Shaw.,1
"Ironman x Black Panther original sketch done by me! This is my first time really getting into sketching after doing different mediums, what do you think?",1
[FANART] Spider-Man Noir Leather. Illustration by Andy Gill,0
Releases this year on Disney+,0
I wanna read some silk comics,0
"If I could remind us to nod to this flick. Still to this day, just kicks ass. Wesley Snipes beating the hell out of his enemies like a live action smash brothers massacre. Let‚Äôs jump in on a Blade round of applause.",-1
"This is my 2nd chibi sticker design of Marvel characters, Captain America!",1
[Self] 3D print Rescue (Pepper Potts) by SRona58,1
Never read a single comic in my life. Girlfriend then bought me the PoXHoX crossovers and those are now finished in one day. So... what now!?,0
"Just something I‚Äôve been thinking about, but how exactly does Knull have the Spider logo?",0
Personal Jarvis,0
Continuing The Falcon and The Winter Soldier celebration with a third gallery of Sam and Bucky covers!,0
Lego Temple of Loki by Markus Rollb√ºhler,0
April 1st is not just April Fools' Day it's also Reading is Funny Day! Show your kids that reading can be both fun & funny with this gallery of Marvel covers!,1
Wakanda forever! Digital art. Procreate. Reference from Pinterest,0
How did captain America die?,-1
Uh what?,0
Blessed with a hand painting of #Thor #Ironman #CaptinAmerica.,1
[OC] Hawkeye and Mockingbird,0
When was the first time you learned about your favorite superheroes ?,1
'Venom 2' Release Date Delayed by a Week,-1
My scultpure of Groot from the GOTG Vol 2- my first attempt of sculpting with polymer clay,0
A daily Avengers panel in chronological order. This one from Avengers #5 (1964),0
Why has no one with a completed Infinity Gauntlet who frequently travels to other universes (like members of the Council of Reeds) upgraded their genetic capabilities with the IG so they are still insanely powerful without the aid of the IG?,0
Can we talk about Si Spurrier's Black Knight and this annoying trope?,-1
Am i the only one who absolutely loves both of the Ant Man movies?,1
Could anyone create a title card for the Children of the Atom?,1
"The jury is still out, but I think the series is off to a decent start! [OC]",0
Official poster of Loki,0
X-Men Drag Show? Of course I‚Äôm doing Wanda,-1
"Wondering why ""I'll be back with more murder!"" never became Red Skull's catchphrase. (From Captain America #1)",0
I Need Help.,1
Peter Parker learned Science just to work at a publishing house. Why?,0
Marvel Madness Bracket! Go vote!,0
I like to photoshop old paintings. Here‚Äôs Scott Lang,1
Ongoing series that are worth to read?,1
Do you think captain America could‚Äôve survived snapping his fingers with the gauntlet?,1
"Hi, everyone. Sharing my illustration hoping someone you know might contact me for some biz. Help me pay my actual Mr. Ditkovich.",1
Still one of my favourite hero crossover,1
Falcon and the winter soldier [Spoilers],0
I finally got the desire to draw again,1
"Hi,",0
Exclusive preview of Taskmaster #5. This has been a fun series I'm sorry to see it go.,1
Captain America drawing by me,0
FINISH IT...FINISH IT!!!! art by @killb94,0
Please help me find a old Spider-Man comic.,1
This may be an unpopular opinion,0
"19 years ago, Blade II was released in theaters! Thoughts on this film?",0
"Without spoiling me of all the goodness of Secret Wars (2015), are there any must-read Non-Hickman comics that would make the event a better read?",1
Easter egg,0
My new gambit tattoo. Love having wife that does tattoos,1
Who narrates Donny Cates‚Äô Thor?,0
"I drew Scarlet Witch the new costume, I hope you like it ‚ù§Ô∏è",1
I still think Morlun is the most terrifying Spider Man villain of all time.,-1
what is your favorite Marvel movie is in the MCU and not in the MCu,1
Infinity Stones Avengers plot hole????,0
March 22nd is Sing Out Day! Break into song and celebrate to the tune of this gallery of Marvel covers!,1
Spider-Men: How Peter Parker REALLY Met Miles Morales | CBR,0
Fellow Black Widow fans how accurate would you say Scarlette johansson‚Äôs portrayel is? 1-10 what did you like and dislike?,0
With great responsibility comes less time for lunch. [by Mercomultimedia],1
Falcon and the Winter Soldier have arrived! Celebrate the debut of the new Disney+ MCU series with this gallery of Sam and Bucky covers!,1
Dust Infinity Wars,-1
Falcon and the Winter soldier art!!,0
How the fuck does magneto survive getting shot in the throat in DoFP?,-1
"Mr Sinister is getting a lot of popularity recently thanks to the change in personality he had since HoX/Pox. Are there any other cases, where a character went through a big change in personality and they were much more well received?",1
Coulson saying ‚Äúwe found it‚Äù (Mj√∂lnir),0
Jonathan Majors is the Kang the Conqueror and now I think they should make the decision to cast Nicholas G. Sims as Iron Lad ...HEAR ME OUT #IronLad #MCU,0
Flashback Discussion #32 - WINTER SOLDIER: THE BITTER MARCH,-1
How to find out what is & will be in print?,0
What's some good Winter Soldier reading material?,1
Captain America Fans how comic accurate is Chris Evans Live action version? 1-10 What did you like and dislike?,0
Thoughts regarding Ultron in Avengers: Earth‚Äôs Mightiest Heroes,1
[Suggestion] What runs right now are worth picking up?,1
After Silver Surfer Black?,0
Do you think it would be OK to have a MCU without Bucky actually being alive?,1
Bit of reading this eveningüòÅ,0
Question on something during Civil War,-1
Another wish inspired piece! Squirrel Girl,1
Does anyone know the worth of these cards? We got few hundreds of them...,1
I made some concept box art for a Marvel battle royale video game,0
Recent pick ups,0
"Buy Marvel, Star Wars NFTs‚Äîand Watch the Original Artwork Burn",0
Spiderman Eaglemoss chess pieces,0
Can someone answer me this question please?,1
[Artwork] Peter Parker and Mary Jane by Bill Sienkiewicz,0
Thanos: Infinity Ending #what if,0
Villains introduced in the last few years,-1
Who's loomy Mcspaceface in the background?,0
I gave US Agent a more comic accurate look,0
A little confused with regards to marvel comics. Which comics are canon? I‚Äôm new to the comic reading aspect and it just seems like there are so many comics. Idk how to really start.,1
My 7 year old‚Äôs drawing of Vision.,1
Marvel Madness Day 2!,0
Today i finally started reading comics!,0
"Isaiah Bradley and the comics that brought him to life. TRUTH: Red, White & Black",1
"Kitty Pryde and Lemillion (MHA) as the ‚Äúwalking through walls gang‚Äù, artwork by me",0
4K screencaps + artwork wallpapers from the Black Widow movie trailer...and the poster for the new premiere date (July 9th),0
Final image üòä,0
Tried drawing bucky. What does everyone think ?,0
Question about the blip??,0
Just finished this Captain America chibi design üî®,0
This clever fanboy!,1
Billy Kaplan in Dungeons And Dragons?,0
"Who are some characters whose origins/powers are dream-related, besides Nightmare and Sleepwalker?",0
"Never thought about posting on this sub , I‚Äôve always posted on r/Spider-Man, so heres a sketch I did a couple days ago",0
Would you guys be open to an opening scene like this being featured in Spider-Man No Way Home? With a cameo of this nature? Or is this something that you guys would hate?,-1
Tilda Swinton‚Äôs Time-Lapse Error??,-1
Kama-Zaunt (The Feeder); Not sure who or what he is but I‚Äôve been thinking about drawing him for a few days.. so here he is!,0
"If a superskrull can replicate powers, can he replicate the ability of lifting Mj√∂lnir",1
Ghost rider,-1
Extreme Carnage Coming To Marvel Comics In July,1
[Long] My first few months of Marvel Unlimited (food for thought for new readers),1
"I just recently found a bunch of marvel cards and I heard that they have some value, how do I tell how much they could be worth?",1
Tobey Maguire Spider-Man arriving in the MCU.,0
When and How to Start Reading Marvel Events?,1
Iron man 2,0
Marvel Preview: Miles Morales: Spider-Man #24,1
Looking for comic recommendations,0
Recommend something you rarely see recommended.,1
What current DC writer would you wanna see do a series/story for Marvel?,1
"Hey everyone, I‚Äôve really loved this comic storyline so far and was wondering what Is the next step of the story?",1
Iron man sketch I did.,0
"Work in progress by me, I referenced the Venom international movie poster. This is my first time drawing anything like this, pretty fun.",1
If you love spiderman and looking forward to the Multiverse this one's for you,1
The MODOCtor is in and he has a rash!,-1
"Come on, Flash! That's, like, half the reason most people want to go to space. More than half, probably. (Venom: Space Knight #3)",1
"Drawing i did of spiderman, hope you like it.",1
I Was Just Thinking (Endgame Spoilers),0
"Its a little crumpled, hope yall wont mind. I drew this when i was 14 :)",1
I like to photoshop old paintings. Here‚Äôs Colossus,1
In what ways was the Clone Saga actually worth reading?,1
Should I get this (The Unstoppable Wasp (2018) #1),-1
Next Phase,0
Carlie cooper wearing a Minecraft shirt (superior spider man issue #16),0
Trying to figure out who this is on a new puzzle,0
Marvel Revealed the Identity of the New Phoenix Host in Heroes Reborn Trailer,1
"HulkBuster Armor, some art I created from the ‚ÄúAvengers Age Of Ultron‚Äù movie :)",1
"My Falcon and Winter Soldier Fan Art, Hope you guys like it!",1
Omnibus' going out of stock,0
Drawing of Falcon (timelapse) wow,1
"If anyone thought Magneto alone didn't screw the Marvel timeline enough, remember that the Maximoff parents had earlier children who died in the Holocaust (Web of Spider-Man Annual #4)",-1
Was wondering if anyone could help me find the artist who made this piece? Would love to check out their work,1
Continuing The Falcon and The Winter Soldier celebration with a second gallery of Sam and Bucky covers!,0
"Rocket knows plenty of Earthlines, so of course he's heard of Spider-Man! (Rocket Racoon #2)",0
Me as Wolverine. I really wish Disney had the guts to unleash Rated R version of Weapon X.,1
Stan Lee by me,0
"venom drawn my me , follow my insta @toniact3 ü•∫",0
"She deserves more, she‚Äôs been through a lot (Generations: Wolverine & All-New Wolverine (2017) #1)",0
"Black Widow Costest by me, hope you like it! üï∑",1
What to read?,0
Is Marvel setting up for a Young Avengers project?,1
"If I want to read Joe Fixit, what trades and epic collections do I hunt for?",0
Is Eli Bradley (Patriot) stronger than Isaiah Bradley (Black Captain America)?,1
Kingpin vs The Blob: who do you think would win?,1
"Welcome to the MCU, John Walker & Lemar Hoskins, hope you survive the experience!",1
I'm new to comics and I want to buy my first work and want to make sure I'm making the right choice!,1
Picked these up at a LCS today. Very excited to finally get into Fantastic Four!,1
"Thought this would serve as a good reaction image or something, idk. The Amazing Spider-Man (1963) Issue #8 if anyone is wondering/interested.",1
[OC] White Vision,1
"Iron man 3 ""House party protocol""",1
Wow...This aged well,1
A little Saturday night Spider-Man by me...,0
"""So Daredevil is a guy named Matt Murdock."" (Alias #14)",1
Chronological order?,0
Questions about the Wanda vision series,1
"June 2021 Marvel Comics solicitations: Hellfire Gala, Predator #1 and more",1
Can Invisible Woman see herself?,0
"My wife and I began making comic lamps for our nerd shelves, and after some interest set up an Instagram to share our work. This latest one was Avengers themed.",1
Spider-Man No Way Home Cast,-1
There's a big spider on my wall...,0
Civil War ll,-1
Is there a reason (in universe or out of universe) that Miles‚Äô dad is named after confederate President Jefferson Davis?,0
I have a question about Inhumans.,0
What are your favorite MARVEL couples?,1
Captain America plothole In Endgame I just realised,0
Captain America -ballpoint pen fanart,0
"Kept bugging my girlfriend to draw Jean Grey, it paid off !",0
How do I get into Marvel Comics?,1
"I‚Äôm getting my start in tattooing and to grind out some practice, I‚Äôm doing a flash sheet for every MCU movie in order. Next up is The Incredible Hulk!",0
How do you think Zemo will end up with the hood fused to his head in the MCU?,0
Fantastic 4 - Alternate Origin Story,1
Thor‚Äôs helmet,0
Does anyone know who‚Äôs signature this is? It will help a lot thanks !,1
What was the character that had a bunch of letters stuck to him?,-1
Is there a single Deadpool run that doesn't rely on so many pop culture references?,0
First easter egg I have found myself,0
Cap Vs. Thanos & Chitauri army digitally drawn by me,0
Drew Dr Strange.,-1
"Marvel Comics in stores Wednesday, March 31, 2021",1
Marvel picks Penguin Random House as new distributor,1
How to read Spider-Man (series?),0
"Your friendly neighborhood, colored! :D",1
How different are Nuke and US Agent (Jon Walker) in terms of personality?,0
"A stray thought: how have we not had a team full of ""Spare heroes""",1
Where is old Steve Rogers as of Falcon and Winter Soldier is happening? (spoilers for ep2 TV show),0
This one hit hard,0
"Hello, I need help.",1
Tony Stark/Iron Man (By Me),0
I made Ms Marvel in procreate. I actually like her.,1
A daily Avengers panel in chronological order. This one from Avengers #7 (1964),0
Is Wanda Magneto's daughter?,0
a piece iron man art I posted on my instagram a while back!,0
"Could Knull, The King in Black, be a 'Thanos level' threat for the Cinematic Universe in the future?",-1
Mod's Pull of the Week - MAR 31 2021 - BETA RAY BILL #1,0
New Marvel homage: Venom (2018 series) #34 / Spider-Man (1990 series) #16,1
"Mod's Pull of the Week - MAR 24 2021 - CARNAGE: BLACK, WHITE & BLOOD #1",0
Not all Marvel but still very cool guide,1
"Could Darwin be the key to a material stronger than Uru, Vibranium and Adamantium? Yes. ‚Äî Hear me out, if Darwin were to forcibly adapt to a blow from Adamantium, Uru or Vibranium, the material he changes to could be the truly strongest material.",1
Are the venom omnis good?,1
What sets Krakoa apart from previous mutant sanctuaries.,0
"Cover gallery of Marvel releases in stores this week, Wednesday March 24",1
List of comics,0
Wandavision Fanart by me,0
Scarlett Witch and Thanos fight scene.,-1
"Missed when HoX/PoX was starting up, never knew these existed. Owner of LCS hooked me up with these today. Gimmicky but awesomeü§ô",0
Winter Soldier Fanart I made :D,1
I wanted to start reading 'Jonathan Hickman' marvel universe but I never read any marvel comics before ....do I need to have a lot of background to read these comics ?,1
What is the most large and climatic Marvel story/comic?,1
"this is a endgame edit , ik im 2 yrs late .. im not much of a good editor it took me long time to edit and once i was done editing i didnt think it was good , thats why i posted it now",-1
That time when Hulk made Spider Woman a sandwich,0
Peter Parker and Mary Jane by Jordan Gibson,0
Comics about Wolverine's early adult years?,0
Okay I have a question.,1
"So I found out what a marvel card set was and it turns out I have both 1992 and 1991 full card sets, well I am missing 1 hologram from the 1992 and all 5 missing from the 1991. I was wondering how much I could sell them all for.",0
New poster I got today.,0
"Iron man display (WIP) everyone loved my last display so much, I thought I‚Äôd share the new one I‚Äôm working on!",1
Recommendations,0
Comixology,0
Why the new shield is different and how the old captain america got to present?,0
Finally got my reading book filled out,0
"Just finished War Of The Realms, what's the next Big Event from Marvel I should read?",-1
FATWS MINORRRRR SPOILER,0
"I recreated the cover art of ""Spider man"" issue #1 with the MCU Iron spider",0
Venom #35 Cover by Kael Ngu,0
Dark phoenix drawn by me :3,1
Questions about WandaVision,0
Spotlight Release of the Week #13 - MAR 31 2021 - X-MEN #19,0
Recently rewatched Iron-Man 2. Might be an oversight but why weren't these wires cut?,1
What are some classic issues that have not received the facsimile treatment that deserve it?,0
I finally got all the Ultimate Spider-Man Volumes!,0
"We should make a Loki appreciation day, I mean he does have a point. (The Avengers By Jason Aaron Volume 2)",1
My new favorite T courtesy of Qwertee,1
CHOOSE YOUR SIDE!! Avengers Edition: Captain America or The Ironman?,0
Voice files,0
Wyatt Russell Requested Chris Evans' Captain America Costume for 'Falcon and The Winter Soldier',0
Look what i found in my dads garage.,0
Why didn't hella use the space stone to get off asgard?,0
"He hath speaketh (Generations - The Unworthy Thor & The Mighty Thor, 2017)",-1
Marvel fan from Florida watches Avengers movie 191 times in theaters,1
Why does everyone hate civil war 2?,-1
I am getting excited for Black Widow. I'm going through and re-watching the whole Marvel lineup. What's your favorite Natasha Romanoff moment?,1
Way of X,0
Elsa Bloodstone,0
Summary from Dawn of X to the end of X of Swords,0
This awesome Iron Man inspired helmet design of Formula 2 race driver Lirim Zendeli!,1
"Bitch, you ain‚Äôt special (Venom Annual #1)",-1
There‚Äôs a horrible goose in the MCU. Untitled Goose Game / Marvel cake I made for my daughter‚Äôs birthday.,0
Slightly innappropriate question,0
"Scarlett Johansson, Florence Pugh Shot Black Widow with Pneumonia",0
What should I read next!?,0
drew this recently and thought it was alright,1
What could Marvel do to differentiate the Nova Corps IP from the Guardians of the Galaxy?,1
"""There's but three furies in spacious Hell; but in a great man's breast three thousand dwell."" (John Webster, The White Devil) Hope you like it :)",1
Sometimes you need to run before you can walk (OC Fanart),0
The Silver Surfer: Parable (a review),0
March 25th is Greek Independence Day! Celebrate the Greek Revolution of 1821 with this gallery of Grecian Marvel covers!,1
Spiderman 1990 comic question,0
Black Widow has a release date.,0
Who is your favorite Marvel superhero and supervillain of all time and why?,1
How did Bucky lose his arm?,-1
So just need a bit of help here.,1
"Anyone know what the Avengers got up to in Adelaide, South Australia?",0
Crochet Air Jordan Miles Morales Slippers,0
Homage at Spectacular Spider-Man cover,0
Working on my cartoony style with Magneto!,0
Marvel Madness Day 3!,0
Thor Bodypaint done by myself :) (@_ciara_sfx_),1
"Re-upload after I fixed my confusing handwriting, lolüòâ",-1
If I made my own Marvel fighting game: Marvel's Ultimate Smackdown,0
"Justice League V Marvel. As a marvel fan I think dc would win but it would be close. Who do you guys think would win? Thor V Superman, Iron Man V Cyborg, Wanda (after the events of Wanda vision) V Wonder Woman, Captain America V Batman, Doctor Strange V Aquaman, and Captain Marvel V The Flash.",1
"Captain America & Captain America, together at last (Truth: Red, White & Black #7)",0
Cyclops,0
Marvel Preview: Black Cat #4,1
"I've made a black panther fanart, hope you like it :)",1
Florida man takes home world record after watching ‚ÄòAvengers: Endgame‚Äô 191 times,0
I drew spidey again,0
"Looking to cut down on the books I pick up every month. Out of these, which would you suggest I drop.",-1
Hulk drawing by me,0
The Falcon and the Winter Soldier writer reveals the importance of Don Cheadle in that first episode,1
Reading Marvel in order (1963),1
What is your favorite Iron man suit?,1
What's the appeal of a crisis style reboot?,-1
Artwork of my favorite superhero in Marvel! Spidey-Boiiii!,1
Did a really quick sketch of 'Herald of Lightning' Thor. What do you guys think?,0
Do you think we will see some random people in Falcon and The Winter Soldier that oppose the new Captain America as much as we do?,0
venom,0
How is the current Miles Morales run?,0
Winter Soldier/Sebastian Stan Fans- I need help,1
Black-Widow art by Matheus Gomes,0
Here is some Marvel artwork I did with various game models,1
Is there a version of star lord in the comics that is 100 percent human?,0
I don‚Äôt know if anybody else has already thought of this but I figured out a way that they could bring back the original avengers,1
Sometimes I hate the movies,-1
Fanrecast: Mihaela DrƒÉgan as Wanda Maximoff,0
Hawkguy Fan Art Manipulation!,0
I thought I‚Äôd drop in and let ya know,-1
I wish Carol and the X-Men interacted more (Uncanny X-Men #445),1
When the Foot and Hand join forces...,1
What is the most epic Marvel story?,1
For Old Times' Sake,0
Does anyone know the cap to how much power Captain Marvel can absorb at one time while remaining conscious?,1
Amazing Spider-Man Annual #6-#9,1
What wolverine comic is this from? Thanks,1
I love you 3000 (my digital art),1
Juggernaut and blob,0
Most Important X-Men Stories Per Era/Decade,1
Why Dr. Doom didn't let Enchantress Fix his Face in Secret Wars (1985).,-1
How can I purchase Alien #1 without signing up with a service like Comixology or Marvel Unlimited?,1
Toy art I made of if wish made Thor!,1
‚ÄúOur Balkan Homeland‚Äù: A Very Incomplete History of Transia,0
"March 23rd is World Meteorological Day! This year's theme is the ocean, our climate & weather so here's a gallery of nautical Marvel covers!",1
found this fun little guy today in my box from storage,1
I was practicing drawing top down perspective for a human figure and turned it into Ironman for fun.,1
What would have happened if Knull had encountered the poisons?,-1
"Iron Man drawing I did a while back, still really happy with it! Might try drawing traditionally again some time, I‚Äôve been doing so much digital art lately",1
Venom By Andy Fairhurst,0
Most Handsome & Beautiful Marvel Comics Characters Faces,1
[Artwork] Scarlet Witch by Rodrigo Roger Colors by Josh-84,-1
A really good book for anyone interested in the history of Black Widow!,1
"""Though the world may hate you, Raul Menendez... But nobody cares about this Cordis Die crap you're talking about!"" - Symbiote Spider-Man",-1
Dawn of X TPBs VS. X-men/New Mutants TPBs,0
What to Read After Loki: Agent of Asgard?,0
[Artwork] Commission X-womens - Art by Rodrigo Roger,0
"Daredevil Yellow by Jeph Loeb and Tim Sale is an absolutely phenomenal read. I'm genuinely a fan of the old-school costume, too",1
Wasp was thirsty,0
"Iron Man by me, i like it",1
Fanart of Black Widow! I‚Äôm very excited for this movie ‚ô•Ô∏è,1
Square Enix's X-Men ?,0
What is the best way to collect Marvel comics?,1
No more masks (Spider-Man #75),-1
Where can I find Marvel Ruins? It doesn't seem to be available anywhere online.,0
Hey! I updated the MCU Timeline list (don‚Äôt know if it has been done) to fit the new additions the last months. Will update as the new movies and tv shows come out! If you notice any typos let me know,1
I thought people might enjoy this here too.,1
X-Men?,0
Marvel Unlimited Library Issue,1
If Cyclops‚Äô eyes are portals to a kinetic energy dimension,1
I Made a Avengers/Galactus Movie Concept Poster!,0
"If you could be one Marvel Superhero, who would it be?",1
The Falcon and the Winter Solder Episode 1- OFFICIAL DISCUSSION MEGATHREAD,0
Digital art of Wanda made by me in Photoshop,0
Just some 90‚Äôs X-Men toy photography,0
A rough idea I had for a potential Captain Marvel run/What If story that involves Kamala,1
How to get into Marvel today?,1
[Self] Another new photo of my Wanda cosplay- photo by Jeff Zoet Visuals,0
What is the best alternate costume design in comics?,1
Does anyone know if this is from a comic?,0
"Ed Brubaker has ""mixed feelings"" about THE FALCON AND THE WINTER SOLDIER - The Beat",0
Which would your best line up team for MCU X-men and why?,1
Wow amazing tattoo,1
Where to start with Marvel comics?,1
"i bought invincible iron man by bendis, all three volumes. in the reading guide it seems that is suggested to read the second volume first, but that doesn't really make sense. so, what should i do? sorry for this stupid question but i'm really confused",-1
"the ""smilexsymbiote"" NFT I made. Just wanted to share",1
Lego Marvel Superheroes 2 giltch,1
"Sam Wilson, the only man Cap took orders from.",0
Hey. For a little while now I‚Äôve been posting one out of context Avengers panel on this sub. It‚Äôs been met really well and people seem to be enjoying it. I had a suggestion make a sub dedicated to it so that people could see them all in one place. Some support would be great,1
Peter B. Parker Figure,0
How much authority does S.H.I.E.L.D. have?,0
X-Men Monday #100 ‚Äì Giant-Size Anniversary Spectacular,0
Marvel would be preparing a spinoff of the Hawkeye series with Echo as the protagonist,1
Why is Mary Jane likeable?,1
"Im a casual viewer, Where does Marvel go after Endgame?",1
Its Cyclops Sunday on my drawing tablet...,0
[self] Scarlet Witch by SRona58 - 72 hour quick project,-1
Is the enemy of my enemy my friend? Are we both heroes? Villains?,-1
Iron...I mean Bronze Man?,0
SnYdEr CuT,-1
Poor Jean. Dead way too many times.,-1
Portals,0
"Digital art isn't really my strong point & I still need tons of practice, but I felt like sharing this Venom artwork I made. Hope you guys like it :)",1
The ice man is not strong.,-1
I made a Spider-Man: No Way Home intro Concept,-1
Thor Korg should be a show,0
The start of my Ms. Marvel (Kamala Khan) Fan Comic! An original story following Kamala as she does hero-work during Ramadan! Please let me know what you think!,1
Spotlight Release of the Week #12 - MAR 24 2021 - GUARDIANS OF THE GALAXY #12,0
Panel Appreciation(Peter Parker: Spectacular Spider-Man #310),0
Quick Question,0
Must haves for new reader?,0
I doodled Mysterio on my iPad using my finger,0
The Avengers in the MCU and all beings made of matter have become 5th Dimensional Beings. LONG POST Here's why:,0
‚ÄòHawkeye‚Äô Spinoff Series About Echo in Early Development for Disney Plus,0
Loki and Thor .A drawing by me!üòÅ,0
What's a good Captain America story to read besides Winter Soldier?,1
"Downtown Providence, RI",0
"Who the hell is Bucky? He's the Winter Soldier, and April's Character of the Month!",-1
X-factor fan cover by me! (@mattyszee),1
The episode titles for Marvel's MODOK on Hulu are parodies of acclaimed Marvel storylines in the Silver Age. Can you figure out all the references?,1
Why were there no movies based on marvel properties for this 42 year span? Can‚Äôt find info online,0
Captain America / Falcon and the Winter Soldier mash-up poster by Sean Longmore,0
We‚Äôre Captain America and Deadpool injected with the same compound?,0
(OC)Falcon and the Winter Soldier poster I designed and sketched.Please give feedback.(I‚Äôm 13 btw),0
Found on Twitter,0
Does anyone now from which comic this demon comes. My friend sent me this and I can‚Äôt recognise him.,1
Need help identifying character from Absolute Carnage #1,1
Would you accept Venom as your Catboy maid? (Artwork by me),1
"Florida Man Breaks World Record, Watches 'Avengers: Endgame' 191 Times",0
Can anyone recreate my colored pencil drawing into digital art?,0
"Fans of Doctor Strange: how ‚Äúgood‚Äù (fun, interesting, or scary) of a villain is Nightmare?",-1
"So like, how will Disney treat Deadpool now that he‚Äôs in the MCU?",1
Marvel Preview: Amazing Spider-Man #62,1
Where is the X-Men universe going?,0
Is God/The one above all in The MCU or yet too come because what I mean eternals Etc because it seems like they're building up to beings like that and what I mean by beings is The living Tribunal and The one above all,1
March 30th is Doctors' Day! Celebrate with this gallery of covers featuring famous Marvel doctors!,1
"""X-Men"" Issue 137 Cover by John Byrne, Terry Austin, and Scott Dutton (1980, 2019)",0
Dragon ball MCU,0
House of M,0
A reason Westview is called Westview in Wanda vision,1
The Falcon and the Winter Soldier- Episode #2 Discussion Megathread,0
Adrien Brody as MCU's Doctor Doom?,-1
10 MCU Mistakes that Loki Series Must Avoid,-1
Dope thanos fan art by my friend. Hope you like it,1
Can someone help me?,1
"Marvel Comics in stores Wednesday, March 24, 2021",1
I have a question about Bucky,0
Best story runs from 2018 / fresh start onwards,1
Wolverine by Santiago Basavilbaso,0
"[OC] Daredevil, Acrylic on Canvas.",0
What‚Äôs considered Vision Quest ?,1
Falcon and the Winter Soldier cameo theory,0
"I have a question, if thanos snapped his finger is there a chance that only hulk or only Bruce banner would disappear because they are two different souls",0
Dazzler by Frank Cirocco (1989),0
[Suggestion] Thinking of getting into the Eternals. Should I start with Jack Kirby or Neil Gaiman?,0
Beginner to Comics,0
Still brings a tear to my eye that I'm leaving this beautiful beautiful wall paper behind,1
"Bucky discovers Cap's secret identity and becomes his sidekick, Captain America Comics (1941) #1",0
[Artwork] Wanda- Scarlet Witch by daysoframpage,-1
"Quick question, what was the name of that object that Dr. Stranged whacked Galactus (Dormmamu fed) with?",0
"Storm Shadow and his crew. Arashikage represent, son!",0
Upcoming June 2021 Marvel Comics revealed: Heroes Reborn concludes while Infinite Destinies begins,1
March 28th is Respect Your Cat Day! Celebrate the feline companion(s) in your life today with this gallery of fan-cats-tic Marvel covers!,1
Help Maria Hill Win a Best Female Character Poll,1
I like to photoshop old paintings. Here‚Äôs Jeff Goldblum as The Grandmaster,1
Dr. Doom sketch I did,-1
What is after daredevil the man with out fear #1-5 by Frank Miller,-1
"The Impel 1990 Marvel Premiere Edition, just without the Holograms.",1
Marvel Preview: Black Panther #24,1
Can Mark L from infinity war and Mark 85 I think from Endgame Fly in space Also what Tech does Starlord use on his mask not nano tech but similar I guess and also Shuri used The same tech with sneakers,-1
"What I did on weekends? Hah, I started little squad of Avengers. They are supposed to be keychains and I am OBSESSED. i have not put them on etsy yet. But surely will do.",0
Jonathan Hickman's X-Men,0
The best Marvel audio dramas?,1
Funny little Falcon and the Winter Soldier theory. (Tiny spoiler for 1st episode),1
Doom on magic and science,-1
Deadpool pixel art (link to video in 1st comment),0
"People are out there calculating that Spider-Man saved over 10 000 people. Bro he saved entire universe at least twice, and entire multiverse.",1
Is Polaris going to be in Hellfire Gala? How do you immagine her outfit?,0
Quick question?,0
Krakoa in space,0
[cosplay costume] Our new costume is in progress. Hulkbuster costume.,1
Thanos is a chameleon.,0
"just started growing my collection, I love this issue so much.",1
What if?,0
What's your favorite Marvel comic(s)?,1
[self] Scarlet Witch cosplay by Selena The Latina,-1
What practical day-to-day thinks can you do with the infinity stones???,0
Redeem marvel insider points,1
Daredevil 26,0
LONG ISLAND COMIC CON SATURDAY APRIL 17th 2021 lynbrook,0
What is your favorite comic book movie and why? Mine is...,1
King in Black: Ghost Rider #1 preview,-1
Please Identify this Marvel comic.,1
if the galactus attacked planet earth ...,-1
Poster i Did Back in April 2020 . What are your views on the 1st ep ? Via @abgrafix,0
Just grabbed Iron Man #7... what‚Äôs up with the legacy number?,0
Birthday treats :),1
Anyone else think this is how they will do the next Marvel Relauch?,1
Loki from the 2019 Comics - Fan Art,1
"My wife saw this picture and called him Danny Trejo Dog, and I can‚Äôt unsee it.",0
My AU version of The Red Skull,0
Forget me not,-1
got a new keyboard and moue pad today,0
"What is your favorite marvel cartoon that got canceled/didn't make it to season 3, mine it Iron Man Armored Adventures",1
[Comic Excerpt] Captain Marvel's Back Problems,-1
Which should I get first?,0
Bucky and the super serum,1
Looking for a personal grail.,0
A daily Avengers panel in chronological order. This one from Avengers #6 (1964),0
"I‚Äôm getting my start in tattooing and to grind out some practice, I‚Äôm doing a flash sheet for every MCU movie in order. First off is obvi Iron Man.",0
"Here's my latest bit of fanart, The Scarlet Witch (me/digital/2021)",-1
"What is the current relationship between Spider-Man and Black Cat? Do they still have romantic feelings for each other, or are they platonic friends now?",1
MY FANART OF CAPTAIN MARVEL(PHOTOSHOP),0
"My wife, bless her heart, she tries. Should I tell her?",1
Unofficial audiobooks?,0
"I wanna learn more about Nova, where should I start?",0
"‚ÄúYou are my sadness and my hope. But mostly, you're my love.‚Äù",0
Rocket Raccoon and Groot - Annihilators: Earthfall,0
"As someone who‚Äôs fallen out of love with Marvel, can anyone give me a good ongoing comic to bring me back in?",1
How does the Marvel Afterlife work?,1
Wandavision fanart by me c:,0
Character run better than creator's,1
The Collection Grows! Pinmates Rule.,0
WHERE‚ÄôS GAMORA!!!! üò°,0
Unpopular opinion: i like John Walker captain America,1
I'm going to use my free week of marvel unlimited what should I read,1
Coolest Miles Morales Figure,0
"What are some good darker, grittier comics with a tone similar to Old Man Logan?",1
I got this crazy theory.,-1
A look at Laura and Gambit‚Äôs friendship (X-23 (2010) #7),1
Juggernaut 2021. MattyMickD computer paper.,0
How do you guys rank the movies? These are mine,0
Is Thor: God of Thunder a great starting point for a beginner to read Thor?,1
Re: Valkyrie's Pegasus in Endgame,0
I like to photoshop old paintings. Here‚Äôs Deadpool,1
My little tribute for She-Hulk,0
I detect a MUTANT near!,0
End Game - Alternate Script Idea.,0
"Just painted this over the weekend, hope you guys like it :) still pretty new to oils",1
"In the comics, did the bad guys take any advantage of the Superheros in-fighting during Civil War?",-1
Absorbing Man artwork by me,0
Are there any characters with 'meister' as part of their name?,0
Spider-Man vs Venom cake I made. Chocolate cake with vanilla buttercream ! Decorations made with fondant. üï∑,0
Currently drawing Loki I hope it turns out well,1
Iron man 2 on netflix?,0
Endgame Question,0
King of Wakanda. line work by Kyle Petchock colors done by Sal Monaco (me),0
Finally got the final book for my comic omnibus shelf. I like X-Men...,1
I'm pretty sure people who have a problem with the sexual orientation of comic book characters have much bigger problems than the sexual orientation of comic book characters. Just saying.,0
Is there any valid argument against Kamala Law in Outlawed?,-1
How thorough is Marvel Unlimited's catalog?,1
Doctor Strange,-1
X-men Dawn of X,0
Kinda forgot I had this,0
Spotted a Watchmen reference in X-men #80 (1998),0
[OC] [Fanart] Psylock - Xmen - Art by Me.,0
Could the juggernaut run through a vibranium wall with enough speed??,0
3D Printed Iron Man MK50 Bust,0
What is krakoa's stance on Inhumans?,0
I like to photoshop old paintings. Here‚Äôs Wanda,1
"Because no one asked for it, more MODOCtor: M.D.!",-1
Who could the cast of Stranger Things play in the MCU?,1
Dawn of X reading order,0
Thought you guys might appreciate my collection better than my friends,1
March 21st is International Colour Day! Celebrate the joy of colour with this vibrant gallery of Marvel covers!,1
MCU Does Black panther really have powers or is it just his Armor also Rip Chadwick,0
Who do you believe was right during the civil wars,-1
ROGUE,0
HE'S RISING! Fan art made by me. (ig: @artofdraconis),1
X-Men (blue team) by Jim Lee,0
How the fuck is angel alive in apocalypse? He died during or before DoFP (can‚Äôt remember when). Which was before they changed the future,-1
"Apparently Jean Grey, Wolverine and Cyclops are in a polyamorous relationship. Is this true?",1
Remember the New Warriors book by Daniel Kibblesmith we were supposed to get? I made an old school comic book cover for two of the characters: B-Negative and Snowflake!,0
[Fanart] Hulk vs Wolverine create with Copic Markers on Canson Paper. Finished this piece and would love to receive feedback.,1
Question about Tony Stark,0
Do you think there would be Avengers 5?,0
What order should i watch the marvel movies?,1
[FANART] speedpainting of Hulk vs Wolverine. Hope you enjoy it!,1
Black Cat and Silver Sable,0
need help: things to know for if/when i write a fancomic?,1
Dr. Doom's ethnic background and how it affects his backstory and motivations,0
great Marvel events reading order?,1
I'm having trouble finding the correct continuity (Avengers disassembled and Thor v3 spoilers),-1
New to marvel comics,1
[Question] Did they ever release the second half of Fraction's Invincible Iron Man run?,1
Why is everyone freaking out about THAT hookup in the latest issue of Captain Marvel?,0
"Was doodling at work, next thing you know it lead into a full-fledged War Machine drawing. It‚Äôs a slow day, enjoy!",-1
[SPOILERS] Damn. (Black Knight: Curse of the Ebony Blade #1),-1
Hi everyone. Here is my Wolverine artwork. Hope you guys like it..,1
LEGO purist custom of Sam from Falcon and The Winter Soldier,0
"""Yeah, yeah, Hydra is legion. But when was the last time you faced a *dragon*?"" (Immortal Iron Fist #1)",1
Must read issues/series/story arcs from the 60s-80s?,0
"He may be made of Iron, but he's still just a man",0
[hi]Can someone tell me who this is??? It‚Äôs driving me crazy. He‚Äôs from the web warriors run,-1
Iron Man Arc Reactor,0
"For those who stopped reading comics, why.",-1
[SPOILERS] Human words. (X-Men 19),0
infinity war,-1
[Help] Can Anyone tell me the title this certain Comic,1
"Would anyone be interested in creating a brand new Marvel story universe with me and others from the ground up? We have a discord below for working on this project! It would be set in Marvel's vast multiverse, a complete new universe, one created by the fans!",1
Marvel‚Äôs Spiderman-Man 2,0
Can someone PLEASE explain to me the Vision Family??,1
"‚ÄúYou closed your eyes last night believing this world would be yours forever. That was your dream. And like mine... it was a lie. Here is a new truth: While you slept, the world has changed‚Äù",1
"This cut line from Civil War is enough to warrant a Black Widow solo movie, seeing her backstory will be so tragic but so great to see",1
are ALL the avengers multilingual?,0
Who are your DEFINITIVE X-Men Members Line up? 12 Members MAX. Mine:,0
House of M: Ultimate Edition Misprint? (Details in comments),0
She-Hulk by Wellington Phelippe,0
How is the Current Daredevil run?,0
"‚ÄòMarvel‚Äôs M.O.D.O.K.‚Äô: Jon Hamm To Voice Iron Man, Nathan Fillion Is Wonder Man On Hulu Animated Series ‚Äì WonderCon@Home",0
Where to start with X-Men?,0
How Marvel could make a Fantastic Four trilogy.,1
Deadpool Chibi...Drew this up and Digitally colored,0
Amazing Or Spectacular ?,1
Should i read Annihilation tie ins in order to understand Annihilation?,0
"Got this in the mail today, finally some junk mail I can appreciate!",1
How does Hulk do phones? Does he have a custom made iPad? Like a bigger one that most humans have?,1
Is there any way to put a stop the bigotry between humans & mutants for good/permanently?,-1
"Printing my own MK85 automated helmet. Lower lip is done, printing the jaw now",-1
Iron Man: Korvac Reveals His Hopeless Plan,-1
What is the Final Battle of Marvel Comics?,0
Title Drop!,-1
Started re-reading Avengers Forever (1998) and never really understood this. Can someone explain the relation between Kang and Immortus? Preferably without spoilers of things that come after Avengers Forever,0
March 20th is World Frog Day! Hop into the celebration of our amphibian friends with this unfrogettable gallery of Marvel covers!,1
[spoilers] A question about unknown fated characters of the mcu,0
Captain America Leather shield case,0
Infinite Destinies Starting in Annuals,0
Not mine but it's pretty cool,1
March 31st is Eiffel Tower Day! Celebrate the famous landmark's opening on this day in 1889 with this gallery of Marvel covers!,1
Is there a Marvel equivalent to DC‚Äôs Earth One imprint?,1
what is your favorite Marvel movie that is in the MCU and not in the MCU,1
White Phoenix,0
Worst Marvel Movie,-1
Spider-Man: No Way home poster that I did,-1
House of M Question,0
Why didn‚Äôt mystique tell anyone about the sentinel program?,0
"The Netflix shows are in the mcu, yet Mahershala Ali (sry if misspelled) plays 2 characters in the mcu.",1
The Crazy World of Mojo,-1
Don't know what to title this.,0
"I just realised that in Spider-Man Homecoming, Happy Hogan sat away from Peter when Peter sat with him in the private plane, but in Spider-Man Far From Home, they both sat together for some time. This showed that Happy had now an affection and love for Peter and cared for him",1
"""No, Jeryn, I don't care--it's China. Tibet, Falun Gong, you know--Tiananmen, and the, uh, that tank guy..."" (Immortal Iron Fist #1)",0
"Since the MCU is starting to delve deeper into the more...magical side of things, I've been wondering who the strongest magical users are.",1
How I would reboot the Marvel universe,1
"What are some giant birds from Marvel‚Äôs stories? (No bird/humanoid hybrids, though they can be somewhat intelligent)",0
"Any dark, scary or disturbing marvel comics?",-1
"Are you in, or are you out?",0
I Saw This Tattoo On r/marvel it is freaking cool make sure u view him,1
This brings me great joy. The winners are fan voted on his Instagram story,1
[OC] [Fanart] Rogue - Xmen - Art by Me,0
"$10,000.00¬¢ per gram",0
Silver Surfer sketch I did,0
[Artwork] WandaVision Gif Series by mDiMotta,0
Looks like Oscar Isaac is training hard for Moon Knight üëÄ,1
Hypothetical question: If both Ultron & project insight worked perfectly as intended. How do you believe the Avengers would have fared against Thanos?,1
Spoiler Warning! A summary of what occurred in Doctor Strange Volume 2 issue 74,-1
Poster in the cat theater,0
"I dont know how marvel is gonna make this happen, but i need this in my life",0
MCU Monster ock (if you guys still remeber neversoft's spider man game),0
A question about magic in Marvel's Universe (616),0
The Captain America shield I made for my son.,0
Picked up this Stan Lee bobble head in a store near me üòç,0
Just confirming if i wanted to cosplay this would be the correct suit to get?,0
Need Help. First Time MCU Watch Through!,1
Does venom and carnage not exist in miles morales universe?.,0
Has Agatha Harkness ever laughed in the comics like she does in Wandavision?,1
made a normal version but better,1
A sketch of ‚ÄúSilk‚Äù who I hope I see in Spiderverse 2!,1
Recreation of What If Issue. With Six Arm Spidey. But with my Liza. Fanbased character,0
School Project,0
What is your opinion on Star Lord? Are you a lover or a hater? I personally love him as a character and I also love him for personal reasons (he‚Äôs helped me through some really tough times). I‚Äôm curious since he is a controversial character. Cute floof pic here for attention haha,1
Does anybody else feel bad for Peter Quills grandpa in the first Guardians of the Galaxy movie? He promised his daughter that he would take care of Peter and in the next few minutes his daughter dies and Peter disappears? That‚Äôs devastating.,-1
Made an aesthetic edit of T‚ÄôChalla because yes.,1
My own custom Lego zemo from falcon and the winter soldier mixed with a little bit of comic book version.,0
Marvel Now! Savage Wolverine vs Wolverine?,0
Jean Grey in X-men 3,0
"okay so I‚Äôm new, what about Wandavision? What do y‚Äôall think about it?",1
Where can I find solicitations for April 2021?,0
My girlfriend's drawing of Domino (Comics version),0
"Hello everyone!I made a drawing of Venom about two hours ago and wanted to show it to you guys!It's honestly nothing spectacular/special, but i want to hear your opinions about it.I take any criticism :).",-1
"Got this earlier today, just finished setting it up and I am now going to go to sleep on it.",0
Am I in the minority of Venom fans?,0
"Cover gallery of Marvel releases in stores this week, Wednesday March 31",1
Astonishing Ant-Man (2015),0
Hi everyone. I‚Äôm trying to build my comic collection and I‚Äôm keen to start the civil war series. There‚Äôs quite a lot out there. Any suggestions for reading order would be appreciated.,1
Do you think we'll ever see Kamala age in the future?,0
Anyone think they'll ever add real magic into The MCU like The comics or just Science for some reason because if I'm being honest and this is just my opinion but man we need magic and science not just science so advanced it's magic,1
Advanced Fantastic Four,1
[Fan Art] Miles (by me) @pedrinhodacruz_ on instagram,0
[self] Captain America Portrait by Anubite Cosplay,0
"Hey, @marvelstudios why is ‚ÄúLoki‚Äù coming out on New Years Eve 2999?",0
Marvel game ideas,1
"This is my first time doing digital art, other than minecraft pixel art. i drew Batpool, a merge between Batman and Deadpool [Fan-Art]",0
"So, America Chavez Has A New Comic Run And I Need To Know If It's Good!",1
I love Marvel so much!!!!!!!!,1
New Guardians of the Galaxy Promo Vid has This Interesting Shot of the Upcoming Guardians Team Lineup,1
Question about language from a non-native English speaker,0
Ultron drawing. What do you think?,0
Plot twist - I‚Äôm Wolverine,0
Infinity and eternal saga,0
"How did you guys like this, personaly I did not",1
X-Men Dark Ages #2?,0
[Artwork] X-Men Rogues by Fred Benes color by spidey0318,0
"Just a question, but how come the midnight sons isn‚Äôt a more popular group in the comics? I know they couldn‚Äôt compete with x men or the avengers, but I think they‚Äôre awesome so it‚Äôs disappointing that they‚Äôre not seemingly popular.",1
What order should I start reading X-Men Comics?,0
Question,0
The complicated history of Marvel whitewashing Scarlet Witch,0
Spider-Man Series?,0
The brilliant mind of the thing at work (FF 58 1967),1
"The flower of Krakoa. Taken right after finishing, done by Jason Mims at Depiction Tattoo Gallery in Arlington, TX",1
Hi i just wanna share y'all my wandavision (WIP) artwork :3,1
EddieAnne [A Wandavision Parody],0
"Why 'Falcon and the Winter Soldier' Star Erin Kellyman Stuck to the Scripts, Not the Comics",-1
Back into Comics,0
Spider-Man Tattoos: ‚Äì All Things Tattoo: Artists credited within,1
Cap joins the Avengers,0
Who is the scariest Marvel Universe villain of all time?,-1
"‚ÄúThis is what I was talking about, Wanda. He has all the information we can supply... but his emotional connection to that information is non-existent‚Äù",1
Silver Surfer.... Kind of,0
‚ÄúYou formed the Quiet Council to be the government of Krakoa. Well... the X-Men are its heroes. And we will save those who need saving. Whatever the cost‚Äù,1
Did bucky's reveal surprise anyone when winter soldier first came out or did everyone know already ?,1
i made a tutorial for the card trick in WandaVision! link below for anyone interested :),1
[Self] Lady Loki from Marvel by Sweet Calamity,1
Marvel Made,1
Art by me. Spiderman with the green goblin's colour scheme.,0
"What, In Your Opinion, Are the Best Spider-Man Comics?",1
Avengers after Heroes Reborn,1
Fellow hardcore Professor X fans. How comic accurate do y‚Äôall think james mcavoy‚Äôs charles was 1-10? what did you like and dislike? I think y‚Äôall know where i stand on this,0
Where do I start?,0
X-Men Monday #100 reveals new X-Men writer Victor LaValle,0
Probably has been made but here‚Äôs my version of this scene,0
A Few Panels of Classic Avengers Art,0
Sue Storm and Namor's relationship?,0
Any Iron man modern comic series recomendations and opinions ?,0
Anyone know some beginner X-Men or Iron Man comics?,0
I never noticed this before but there is definitely a face on the SHIELD helicarrier (from Uncanny X-men 362),1
1700 dot Marvel connect the dots,1
The 2008 Hulk Reboot Has Never Been Dethroned,0
I drew cap‚Äôs shield,0
"in honor of April Fool's day, here's a look at Dr. Strange weirdest comic stories",0
[Comic Excerpt] Another reason why she remains Spider-Man‚Äôs greatest love interest. (ASM #512),1
Choose your hero life path! Will you join the X-Men? Avengers? Fantastic 4? Or are you a solo hero like spidey?,1
question,0
What's a good place to start reading?,1
Pain,-1
what does the Deadpool minibuses 0-3 contains?,0
Spiderman fanart,0
My latest illustration of The Scarlet Witch <3,0
March 19th is Certified Nurses Day! Celebrate their dedication & service with this gallery of medical Marvel covers!,1
3D printed Antman helmet,0
I drew ghost rider,-1
MY MARVEL FANART OF TONY ON /@marvel,1
What do you guys think about Paul Jenkins' run on Spider-Man?,0
King in black- how is Tony Stark alive?,1
Here's a Jean Grey i made last night.,0
"I drew David Finch's version of Angela (Image Comics / Marvel) from last week's ""Monday draw"" stream.",0
Robert downey jr is mentioned in She-Hulk Vol. 2 issue 27,0
She-Hulk [fan art by me] Critiques welcome!,1
"Making more exciting Marvel characters in my game TABS (Totally Actually Battle Simulator), need more suggestions please",1
Nanotechnology,0
What are the Infinity/Thanos comics?,0
Marvel's Iron Man MK1 cover,0
What are some of the best and some of the worst Moon Knight runs and why do you think he is such an inconsistent character? (Art owned by artist Declan Shalvey.),0
Spidey & MJ,0
"[Photo] [Disney+] TIL: Wyatt Russell (John Walker, The Falcon and The Winter Soldier, 2021) is the son of Kurt Russell and Goldie Hawn. [And is married to Meredith Hagner]",0
r/Marvel's April 2021 Character of the Month Nominations,0
Iron man 2020 and Iron man (2020),0
drew spidey for a friends birthday :D,1
Love the infinity gauntlet! Just got it a few hours ago.,1
My parents cleaned out my grandfathers shed and found the gifts I should have received in 1998.,0
Where to begin reading? Is there a Marvel equivalent of New 52 like in DC?,1
Beta Ray Bill #1 by Daniel Warren Johnson,0
Does Luke Cage have an ongoing comic right now?,0
A daily Avengers panel in chronological order. This ones from Avengers #2 (1963),0
ITS FAWS DAY!!!!! Falcon and the Winter Soldier!!!!!,0
Nimrod or Ultron?,0
Why did some earlier comics repeat?,0
What comics are worth reading right now?,1
Found my collection of complete tops set 91-93 marvel cards 15 years after losing them,1
Am I allowed to post this here?,0
What is the relationship between Wanda/Scarlet Witch and Dr. Strange like in the Comics?,-1
Civil War confused about pages,-1
My lockscreen wallpaper for the next 1 week‚ù§Ô∏è,0
My Captain America Shield that I made...,0
Which female X-Men would be a interesting what if couple with Spider-Man?,1
Daisy Ridley Addresses SPIDER-WOMAN Rumors And Joining The MCU,0
Are the books canon?,0
Captain America going back in time,0
Why do people even take Iron Man seriously?,0
The Savage Land: A Pulp Heritage,-1
These beauties just arrived in the mail and I‚Äôm stoked!,1
"[SPOILER] In episode 4 of WandaVision, why did the cop say that the town of Westview didn't exist ?",0
Why is Galactus Left Out?,0
Anything to read before Captain America by Brubaker (Winter Solider)???,0
This cracked me up lmao (Amazing Spider-Man (2018-) #62),1
Comparing Marvel to TMNT,1
Thor Love And Thunder,1
wanda & pietro maximoff‚Äôs ethnicity (+magneto‚Äôs) in comics: a timeline,0
Black Widow is going to be in the Loki show,0
"Just finished Young Avengers 2005, loved the story and the characters. Where to go from here?",1
March 24th sees the release of Alien #1 from Marvel! Celebrate its landmark debut with this gallery of Alien covers!,1
Iceman cosplay,0
Has the Time Variance Authority ever interacted with the Dimensional Development Court?,0
All these MCU movies and disney plus shows are great for the hardcore fans but dont you think they risk overloading the casual fans to the point where they feel theyve missed too much and just give up entirely,0
I really dislike falcon and the winter soldier and its because of one thing...,-1
"BGCP: Disassembled Podcast Interviews Alex Paknadel (Marvel, BOOM!, TKO, Vault)",0
Do any of you guys seem to know where I can find volume 2 of this series? There seems to be a lot of different Thor volume 1‚Äôs and 2‚Äôs by Jason Aaron and I don‚Äôt know which one continues after this book.,0
(ENDGAME SPOILERS) i just have a theory,0
Rouge giveaway commission. Deciding if I want to ink it. Drawn by me.,0
"I always loved Peter Parker as a nerdy kid growing up. With great power, comes great responsibility.",1
"over the half-century, has Iron Man gone from the UK Gerry Anderson *Thunderbirds* style tech through the American *Robotech* to a Japanese Guyver/Gundam sort of thing -- and is this a good thing?",1
Do you think they'll find a way to bring Sam Wilson back as Captain America in the comics?,0
Which comic to read after secret invasion in order to continue the storyline after Norman in no the shield incharge. New comic reader please help,1
The Zodiac Legacy,0
Star-Lord and Daredevil have a good old fashioned superhero meet-fight (Star-Lord #3),1
Logan and iron man,0
Can captain America fly with his shield?,0
Miles Morales Gets His Own Clone Saga,0
Professor X,0
"Another color test for Marvel, page from Uncanny X-Men.",1
What are the most iconic comics from the history of comics?,0
Your friendlyneighborhood sketch :),1
Looks like he‚Äôs got more to deal with than Creed.,1
Ok so I need more people to get answers from so I‚Äôm crossposting it here. Please help me find these two legendsry pieces of wardrobe.,1
ECHL Icemen Thanos themed uniforms,0
"Fun fact: it was once revealed that the Falcon was a mutant, but there was no follow-up and it was later retconned away as a malfunctioning Sentinel [The Falcon #2]",0
A week into this sub and I‚Äôm really appreciating the support. Glad to see people are enjoying it üòÅ,1
Let‚Äôs go,0
"Literally haven‚Äôt drawn in months, but here‚Äôs my Venom!",0
The MCU Has a Fear of Getting Its Hands Dirty - The Escapist,-1
Dr. Strange collections for a beginner?,-1
Centaurian space viking based on Yondu Udonta,0
Are there any good Marvel comics that involve character having Depression and rising above it?,1
